,id,id_str,full_text,source,source_url,retweet_count,favorite_count,lang,full_text_lemmatiz,sentiment,polarity,sentiment_analysis
0,1469962406470336516,1469962406470336516,world gone mad marr criticising starmer supporting recommendations chief medical officer new covid restrictions starmer congratulated putting well fellow citizens party political advantage,Twitter for iPad,http://twitter.com/#!/download/ipad,2590,15955,en,"['world', 'gone', 'mad', 'marr', 'criticising', 'starmer', 'supporting', 'recommendation', 'chief', 'medical', 'officer', 'new', 'covid', 'restriction', 'starmer', 'congratulated', 'putting', 'well', 'fellow', 'citizen', 'party', 'political', 'advantage']",0.36090909090909096,-0.04772727272727273,NEGATIVE
1,1469975237894803457,1469975237894803457,doctors amp nurses uk traumatized refusing redeployed covid hospital wards looming omicron surge approaching amp hospitalizations rise… pray everyone listening vaccinated amp boosted else may enough beds,Twitter for iPhone,http://twitter.com/download/iphone,1851,4315,en,"['doctor', 'amp', 'nurse', 'uk', 'traumatized', 'refusing', 'redeployed', 'covid', 'hospital', 'ward', 'looming', 'omicron', 'surge', 'approaching', 'amp', 'hospitalization', 'rise…', 'pray', 'everyone', 'listening', 'vaccinated', 'amp', 'boosted', 'else', 'may', 'enough', 'bed']",0.25,0.0,ZERO
2,1469726461456269315,1469726461456269315,exclusive nigerian government place uk canada saudi arabia covid red list stop airlines flying country sahara reporters,Twitter for Android,http://twitter.com/download/android,899,1896,en,"['exclusive', 'nigerian', 'government', 'place', 'uk', 'canada', 'saudi', 'arabia', 'covid', 'red', 'list', 'stop', 'airline', 'flying', 'country', 'sahara', 'reporter']",0.0,0.0,ZERO
3,1470355047854845959,1470355047854845959,en france montauban chaos montauban angry farmers threw manure police water cannon forced antiriot…,Twitter for iPhone,http://twitter.com/download/iphone,35,0,en,"['en', 'france', 'montauban', 'chaos', 'montauban', 'angry', 'farmer', 'threw', 'manure', 'police', 'water', 'cannon', 'forced', 'antiriot…']",0.6,-0.4,NEGATIVE
4,1470355036886781955,1470355036886781955,hospitals exist service citizens reward good behaviour compliance government hea…,Twitter for Mac,http://itunes.apple.com/us/app/twitter/id409789998?mt=12,326,0,en,"['hospital', 'exist', 'service', 'citizen', 'reward', 'good', 'behaviour', 'compliance', 'government', 'hea…']",0.6000000000000001,0.7,POSITIVE
5,1470355027663458306,1470355027663458306,national immunisation campaign vaccinated districts vitamin wi…,Twitter for Android,http://twitter.com/download/android,5,0,en,"['national', 'immunisation', 'campaign', 'vaccinated', 'district', 'vitamin', 'wi…']",0.0,0.0,ZERO
6,1470355024391774208,1470355024391774208,actors kareena kapoor khan amp amrita arora tested positive covid violated covid norms amp attended several parties bmc ordered people came contact two actors undergo rtpcr test bmc,Twitter Web App,https://mobile.twitter.com,0,0,en,"['actor', 'kareena', 'kapoor', 'khan', 'amp', 'amrita', 'arora', 'tested', 'positive', 'covid', 'violated', 'covid', 'norm', 'amp', 'attended', 'several', 'party', 'bmc', 'ordered', 'people', 'came', 'contact', 'two', 'actor', 'undergo', 'rtpcr', 'test', 'bmc']",0.2727272727272727,0.11363636363636363,POSITIVE
7,1470355022093320194,1470355022093320194,breaking bollywood actress kareenakapoorkhan amritaarora tested positive chinese covid bollywoodactor omicronvirus china coronavirus,Twitter Web App,https://mobile.twitter.com,0,0,en,"['breaking', 'bollywood', 'actress', 'kareenakapoorkhan', 'amritaarora', 'tested', 'positive', 'chinese', 'covid', 'bollywoodactor', 'omicronvirus', 'china', 'coronavirus']",0.2727272727272727,0.11363636363636363,POSITIVE
8,1470355020994727944,1470355020994727944,actors kareena kapoor khan amp amrita arora tested positive covid violated covid norms amp attended several p…,Twitter for Android,http://twitter.com/download/android,214,0,en,"['actor', 'kareena', 'kapoor', 'khan', 'amp', 'amrita', 'arora', 'tested', 'positive', 'covid', 'violated', 'covid', 'norm', 'amp', 'attended', 'several', 'p…']",0.2727272727272727,0.11363636363636363,POSITIVE
9,1470355019295703042,1470355019295703042,covid twodose vaccines induce lower antibodies omicron variant shows study covid coronavirus coronavirusupdates covidvaccine vaccination omicronvirus omicron,Twitter Web App,https://mobile.twitter.com,0,0,en,"['covid', 'twodose', 'vaccine', 'induce', 'lower', 'antibody', 'omicron', 'variant', 'show', 'study', 'covid', 'coronavirus', 'coronavirusupdates', 'covidvaccine', 'vaccination', 'omicronvirus', 'omicron']",0.0,0.0,ZERO
10,1470355010605232131,1470355010605232131,due rising cases omicron variant england ranked level covid alesystem indicates covid cases high increasing across country information read article,Twitter Web App,https://mobile.twitter.com,0,0,en,"['due', 'rising', 'case', 'omicron', 'variant', 'england', 'ranked', 'level', 'covid', 'alesystem', 'indicates', 'covid', 'case', 'high', 'increasing', 'across', 'country', 'information', 'read', 'article']",0.45749999999999996,0.0175,POSITIVE
11,1470355008122093570,1470355008122093570,nepal reported three covid deaths monday pandemic continues take lives across country total death toll reached nepal covid,Twitter for Android,http://twitter.com/download/android,0,0,en,"['nepal', 'reported', 'three', 'covid', 'death', 'monday', 'pandemic', 'continues', 'take', 'life', 'across', 'country', 'total', 'death', 'toll', 'reached', 'nepal', 'covid']",0.75,0.0,ZERO
12,1470354998600998913,1470354998600998913,actors kareena kapoor khan amp amrita arora tested positive covid violated covid norms amp attended several p…,Twitter for Android,http://twitter.com/download/android,214,0,en,"['actor', 'kareena', 'kapoor', 'khan', 'amp', 'amrita', 'arora', 'tested', 'positive', 'covid', 'violated', 'covid', 'norm', 'amp', 'attended', 'several', 'p…']",0.2727272727272727,0.11363636363636363,POSITIVE
13,1470354997539790850,1470354997539790850,upadhayaya research omicron omicron coronavirus covid virus,Twitter for Android,http://twitter.com/download/android,1,0,en,"['upadhayaya', 'research', 'omicron', 'omicron', 'coronavirus', 'covid', 'virus']",0.0,0.0,ZERO
14,1470354996101324800,1470354996101324800,read gov website vx retweet share link across media asap please covid,Twitter for iPhone,http://twitter.com/download/iphone,1214,0,en,"['read', 'gov', 'website', 'vx', 'retweet', 'share', 'link', 'across', 'medium', 'asap', 'please', 'covid']",0.0,0.0,ZERO
15,1470354990027919364,1470354990027919364,uk covid catalyst local community regeneration amp renewal across country …,Twitter for Android,http://twitter.com/download/android,3,0,en,"['uk', 'covid', 'catalyst', 'local', 'community', 'regeneration', 'amp', 'renewal', 'across', 'country', '…']",0.0,0.0,ZERO
16,1470354989805707271,1470354989805707271,need covid booster walkin clinics open main vaccination hubs dont forget local gp surgery may also holding clinics like castledawson amp bellaghy surgery patients attend booster clinic mon dec christ church hall,Twitter Web App,https://mobile.twitter.com,0,0,en,"['need', 'covid', 'booster', 'walkin', 'clinic', 'open', 'main', 'vaccination', 'hub', 'dont', 'forget', 'local', 'gp', 'surgery', 'may', 'also', 'holding', 'clinic', 'like', 'castledawson', 'amp', 'bellaghy', 'surgery', 'patient', 'attend', 'booster', 'clinic', 'mon', 'dec', 'christ', 'church', 'hall']",0.27777777777777773,0.05555555555555555,POSITIVE
17,1470354980888625160,1470354980888625160,numbers competing covid deaths numbers,Twitter for Android,http://twitter.com/download/android,0,0,en,"['number', 'competing', 'covid', 'death', 'number']",0.0,0.0,ZERO
18,1470354976476127232,1470354976476127232,borishasfailedthenation next time hear johnsontheliar claiming uk best covid vaccine rat…,Twitter for iPad,http://twitter.com/#!/download/ipad,184,0,en,"['borishasfailedthenation', 'next', 'time', 'hear', 'johnsontheliar', 'claiming', 'uk', 'best', 'covid', 'vaccine', 'rat…']",0.15,0.5,POSITIVE
19,1470354970448961538,1470354970448961538,wrong pm modi photo vaccine certificate university name jawaharlal nehru kerala high court…,Twitter for Android,http://twitter.com/download/android,300,0,en,"['wrong', 'pm', 'modi', 'photo', 'vaccine', 'certificate', 'university', 'name', 'jawaharlal', 'nehru', 'kerala', 'high', 'court…']",0.72,-0.16999999999999998,NEGATIVE
20,1470354969672880132,1470354969672880132,today would also like express gratitude towards every labourer worked construction grand co…,Twitter for iPhone,http://twitter.com/download/iphone,108,0,en,"['today', 'would', 'also', 'like', 'express', 'gratitude', 'towards', 'every', 'labourer', 'worked', 'construction', 'grand', 'co…']",1.0,0.5,POSITIVE
21,1470354967001243650,1470354967001243650,day xmasresearchcelebration face rising omicron cases highlight personal respirator hoods…,Twitter for iPhone,http://twitter.com/download/iphone,1,0,en,"['day', 'xmasresearchcelebration', 'face', 'rising', 'omicron', 'case', 'highlight', 'personal', 'respirator', 'hoods…']",0.3,0.0,ZERO
22,1470354957257879554,1470354957257879554,innl holland’s favorite pediatrician exciting news — nl enforced compulsory inperson attendance crowded poorly…,Twitter for Android,http://twitter.com/download/android,30,0,en,"['innl', 'holland’s', 'favorite', 'pediatrician', 'exciting', 'news', '—', 'nl', 'enforced', 'compulsory', 'inperson', 'attendance', 'crowded', 'poorly…']",0.9,0.4,POSITIVE
23,1470354953096990723,1470354953096990723,actors kareenakapoorkhan amritaarora tested positive covid bmc ordered people came contact tw…,Twitter for Android,http://twitter.com/download/android,15,0,en,"['actor', 'kareenakapoorkhan', 'amritaarora', 'tested', 'positive', 'covid', 'bmc', 'ordered', 'people', 'came', 'contact', 'tw…']",0.5454545454545454,0.22727272727272727,POSITIVE
24,1470354947871023107,1470354947871023107,two years ago covid hit world chose listen believe world’s epidemiologists public health ex…,Twitter Web App,https://mobile.twitter.com,39,0,en,"['two', 'year', 'ago', 'covid', 'hit', 'world', 'chose', 'listen', 'believe', 'world’s', 'epidemiologist', 'public', 'health', 'ex…']",0.06666666666666667,0.0,ZERO
25,1470354947682316290,1470354947682316290,interested virus evolution listen shes amazing covid special http…,Twitter Web App,https://mobile.twitter.com,2,0,en,"['interested', 'virus', 'evolution', 'listen', 'shes', 'amazing', 'covid', 'special', 'http…']",0.6571428571428571,0.40238095238095245,POSITIVE
26,1470354944498847752,1470354944498847752,freedom day helped create idea covid promising end restrictions,Twitter for Android,http://twitter.com/download/android,0,0,en,"['freedom', 'day', 'helped', 'create', 'idea', 'covid', 'promising', 'end', 'restriction']",0.5,0.2,POSITIVE
27,1470354935590141954,1470354935590141954,government panicked country panicking run lateral flow tests nhs booster website overwhelm…,Twitter for iPhone,http://twitter.com/download/iphone,10,0,en,"['government', 'panicked', 'country', 'panicking', 'run', 'lateral', 'flow', 'test', 'nh', 'booster', 'website', 'overwhelm…']",0.0,0.0,ZERO
28,1470354929713758208,1470354929713758208,case aung san suu kyi’s breaching covid laws heard today adjourned one key reason c…,Twitter Web App,https://mobile.twitter.com,10,0,en,"['case', 'aung', 'san', 'suu', 'kyi’s', 'breaching', 'covid', 'law', 'heard', 'today', 'adjourned', 'one', 'key', 'reason', 'c…']",1.0,0.0,ZERO
29,1470354923984412672,1470354923984412672,government panicked country panicking run lateral flow tests nhs booster website overwhelm…,Twitter for Android,http://twitter.com/download/android,10,0,en,"['government', 'panicked', 'country', 'panicking', 'run', 'lateral', 'flow', 'test', 'nh', 'booster', 'website', 'overwhelm…']",0.0,0.0,ZERO
30,1470354910931783685,1470354910931783685,stre…,touchdownbotapp,http://twitter.com/touchdownbot,3,0,en,['stre…'],0.0,0.0,ZERO
31,1470354909690277889,1470354909690277889,oliver cromwell’s speech parliament april rings alarm bells torycorruption torysleaze t…,Twitter Web App,https://mobile.twitter.com,97,0,en,"['oliver', 'cromwell’s', 'speech', 'parliament', 'april', 'ring', 'alarm', 'bell', 'torycorruption', 'torysleaze', 't…']",0.0,0.0,ZERO
32,1470354900282454018,1470354900282454018,one mentally preparing cant handle anymore want new things surprise…,Twitter for iPhone,http://twitter.com/download/iphone,4,0,en,"['one', 'mentally', 'preparing', 'cant', 'handle', 'anymore', 'want', 'new', 'thing', 'surprise…']",0.32727272727272727,0.018181818181818174,POSITIVE
33,1470354897434550276,1470354897434550276,single tory available interview today discuss covid jings teamsturgeon,Twitter for Android,http://twitter.com/download/android,8,0,en,"['single', 'tory', 'available', 'interview', 'today', 'discus', 'covid', 'jings', 'teamsturgeon']",0.30714285714285716,0.1642857142857143,POSITIVE
34,1470354892854202369,1470354892854202369,actors kareena kapoor khan amp amrita arora tested positive covid violated covid norms amp attended several p…,Twitter for Android,http://twitter.com/download/android,214,0,en,"['actor', 'kareena', 'kapoor', 'khan', 'amp', 'amrita', 'arora', 'tested', 'positive', 'covid', 'violated', 'covid', 'norm', 'amp', 'attended', 'several', 'p…']",0.2727272727272727,0.11363636363636363,POSITIVE
35,1470354892002840578,1470354892002840578,emergency vaccination blitz wednesday pm zwartkops drive thru r road centurion open pm pfizer amp jj…,Twitter Web App,https://mobile.twitter.com,3,0,en,"['emergency', 'vaccination', 'blitz', 'wednesday', 'pm', 'zwartkops', 'drive', 'thru', 'r', 'road', 'centurion', 'open', 'pm', 'pfizer', 'amp', 'jj…']",0.5,0.0,ZERO
36,1470354890895593475,1470354890895593475,b sarscov variant first reported th november days later designated omicro…,Twitter for Android,http://twitter.com/download/android,767,0,en,"['b', 'sarscov', 'variant', 'first', 'reported', 'th', 'november', 'day', 'later', 'designated', 'omicro…']",0.16666666666666666,0.125,POSITIVE
37,1470354890039996424,1470354890039996424,also open windows use strong air filters everywhere else fresh outside air isnt practical juat cllean water stop cholera need clean air stop covid,Twitter for Android,http://twitter.com/download/android,0,0,en,"['also', 'open', 'window', 'use', 'strong', 'air', 'filter', 'everywhere', 'else', 'fresh', 'outside', 'air', 'isnt', 'practical', 'juat', 'cllean', 'water', 'stop', 'cholera', 'need', 'clean', 'air', 'stop', 'covid']",0.4966666666666667,0.22000000000000003,POSITIVE
38,1470354882083233794,1470354882083233794,two years ago covid hit world chose listen believe world’s epidemiologists public health ex…,Twitter for Android,http://twitter.com/download/android,39,0,en,"['two', 'year', 'ago', 'covid', 'hit', 'world', 'chose', 'listen', 'believe', 'world’s', 'epidemiologist', 'public', 'health', 'ex…']",0.06666666666666667,0.0,ZERO
39,1470354867403116549,1470354867403116549,actors kareena kapoor khan amp amrita arora tested positive covid violated covid norms amp attended several p…,Twitter for Android,http://twitter.com/download/android,214,0,en,"['actor', 'kareena', 'kapoor', 'khan', 'amp', 'amrita', 'arora', 'tested', 'positive', 'covid', 'violated', 'covid', 'norm', 'amp', 'attended', 'several', 'p…']",0.2727272727272727,0.11363636363636363,POSITIVE
40,1470354859434004483,1470354859434004483,qq plot confirmed cases per k previous day using county data covid insights analytics team usafacts datavisualization datascience analytics health data covid publichealth covid omicron globalhealth,smcapplication,http://www.suttersmillcapital.com,0,0,en,"['qq', 'plot', 'confirmed', 'case', 'per', 'k', 'previous', 'day', 'using', 'county', 'data', 'covid', 'insight', 'analytics', 'team', 'usafacts', 'datavisualization', 'datascience', 'analytics', 'health', 'data', 'covid', 'publichealth', 'covid', 'omicron', 'globalhealth']",0.5833333333333334,0.11666666666666668,POSITIVE
41,1470354859295707144,1470354859295707144,independent hospitality retail travel culture events business portsmouth apply today a…,Twitter Web App,https://mobile.twitter.com,2,0,en,"['independent', 'hospitality', 'retail', 'travel', 'culture', 'event', 'business', 'portsmouth', 'apply', 'today', 'a…']",0.125,0.0,ZERO
42,1470354850021974018,1470354850021974018,students aktu intensified virtual campaign online exams soon cm sunday tweet s…,Twitter for Android,http://twitter.com/download/android,678,0,en,"['student', 'aktu', 'intensified', 'virtual', 'campaign', 'online', 'exam', 'soon', 'cm', 'sunday', 'tweet', 's…']",0.0,0.0,ZERO
43,1470354847018860544,1470354847018860544,kareenakapoorkhan khan kareena amrita arora test covid positive kareena kapoor amrita arora close friends often party together recently two friends seen hanging karisma kapoor malaika arora mumbai covid violated covid norms,Twitter for Android,http://twitter.com/download/android,0,0,en,"['kareenakapoorkhan', 'khan', 'kareena', 'amrita', 'arora', 'test', 'covid', 'positive', 'kareena', 'kapoor', 'amrita', 'arora', 'close', 'friend', 'often', 'party', 'together', 'recently', 'two', 'friend', 'seen', 'hanging', 'karisma', 'kapoor', 'malaika', 'arora', 'mumbai', 'covid', 'violated', 'covid', 'norm']",0.3977272727272727,0.11363636363636363,POSITIVE
44,1470354835161628672,1470354835161628672,restrictions safety measures like seat belt grow covid covidiots,Naattuvartha,http://naattuvartha.byethost33.com,333,0,en,"['restriction', 'safety', 'measure', 'like', 'seat', 'belt', 'grow', 'covid', 'covidiots']",0.0,0.0,ZERO
45,1470354834826186754,1470354834826186754,applications close pm friday th january covid community swabber posts test centres sandyford co dublin kiladreenan co wicklow submit application join amazing ch east covid services team,Twitter Web App,https://mobile.twitter.com,0,0,en,"['application', 'close', 'pm', 'friday', 'th', 'january', 'covid', 'community', 'swabber', 'post', 'test', 'centre', 'sandyford', 'co', 'dublin', 'kiladreenan', 'co', 'wicklow', 'submit', 'application', 'join', 'amazing', 'ch', 'east', 'covid', 'service', 'team']",0.9,0.6000000000000001,POSITIVE
46,1470354826290769923,1470354826290769923,restrictions safety measures like seat belt grow covid covidiots,Twitter for iPad,http://twitter.com/#!/download/ipad,333,0,en,"['restriction', 'safety', 'measure', 'like', 'seat', 'belt', 'grow', 'covid', 'covidiots']",0.0,0.0,ZERO
47,1470354825556627456,1470354825556627456,malaysia ranked based global covid index gci,Twitter for iPhone,http://twitter.com/download/iphone,47,0,en,"['malaysia', 'ranked', 'based', 'global', 'covid', 'index', 'gci']",0.0,0.0,ZERO
48,1470354816480256002,1470354816480256002,consultant oncologist darren cancer backlog resulted nhs overwhelmed covid…,Twitter for iPhone,http://twitter.com/download/iphone,52,0,en,"['consultant', 'oncologist', 'darren', 'cancer', 'backlog', 'resulted', 'nh', 'overwhelmed', 'covid…']",0.0,0.0,ZERO
49,1470354813019836416,1470354813019836416,students aktu intensified virtual campaign online exams soon cm sunday tweet s…,Twitter for Android,http://twitter.com/download/android,678,0,en,"['student', 'aktu', 'intensified', 'virtual', 'campaign', 'online', 'exam', 'soon', 'cm', 'sunday', 'tweet', 's…']",0.0,0.0,ZERO
50,1470354809559597063,1470354809559597063,soubry world gone mad marr criticising starmer supporting recommendations chief medical officer re…,Twitter for iPad,http://twitter.com/#!/download/ipad,2590,0,en,"['soubry', 'world', 'gone', 'mad', 'marr', 'criticising', 'starmer', 'supporting', 'recommendation', 'chief', 'medical', 'officer', 're…']",0.4166666666666667,-0.125,NEGATIVE
51,1470354807680425985,1470354807680425985,economic rebound depths covid pandemic last year caused global oil amp gas prices t…,Twitter for Android,http://twitter.com/download/android,33,0,en,"['economic', 'rebound', 'depth', 'covid', 'pandemic', 'last', 'year', 'caused', 'global', 'oil', 'amp', 'gas', 'price', 't…']",0.08888888888888889,0.06666666666666667,POSITIVE
52,1470354804488691712,1470354804488691712,coronavirus update ️ total cases ️ current cases deaths …,Twitter for Android,http://twitter.com/download/android,2,0,en,"['coronavirus', 'update', '️', 'total', 'case', '️', 'current', 'case', 'death', '…']",0.575,0.0,ZERO
53,1470354804270534658,1470354804270534658,austrian parliamentary member exposed defectiveness government’s covid tests demonstrating p…,Twitter for Android,http://twitter.com/download/android,110,0,en,"['austrian', 'parliamentary', 'member', 'exposed', 'defectiveness', 'government’s', 'covid', 'test', 'demonstrating', 'p…']",0.0,0.0,ZERO
54,1470354799250059271,1470354799250059271,uk targeting boost million residents days might need help ontarioland beca…,Twitter for Android,http://twitter.com/download/android,59,0,en,"['uk', 'targeting', 'boost', 'million', 'resident', 'day', 'might', 'need', 'help', 'ontarioland', 'beca…']",0.0,0.0,ZERO
55,1470354799132495873,1470354799132495873,actors kareena kapoor khan amp amrita arora tested positive covid violated covid norms amp attended several p…,Twitter for Android,http://twitter.com/download/android,214,0,en,"['actor', 'kareena', 'kapoor', 'khan', 'amp', 'amrita', 'arora', 'tested', 'positive', 'covid', 'violated', 'covid', 'norm', 'amp', 'attended', 'several', 'p…']",0.2727272727272727,0.11363636363636363,POSITIVE
56,1470354796049805316,1470354796049805316,confirmed covid patients general hospital beds wales lower last year confirmed co…,Twitter Web App,https://mobile.twitter.com,1104,0,en,"['confirmed', 'covid', 'patient', 'general', 'hospital', 'bed', 'wale', 'lower', 'last', 'year', 'confirmed', 'co…']",0.6416666666666666,0.21250000000000002,POSITIVE
57,1470354794548273159,1470354794548273159,guess nhs staff wont able regularly test upcoming tidal wave omicron infections quote another great thing come approach handing covid corona island,Twitter Web App,https://mobile.twitter.com,0,1,en,"['guess', 'nh', 'staff', 'wont', 'able', 'regularly', 'test', 'upcoming', 'tidal', 'wave', 'omicron', 'infection', 'quote', 'another', 'great', 'thing', 'come', 'approach', 'handing', 'covid', 'corona', 'island']",0.483974358974359,0.43333333333333335,POSITIVE
58,1470354792652279810,1470354792652279810,actors kareenakapoorkhan amritaarora tested positive covid bmc ordered people came contact tw…,Twitter for Android,http://twitter.com/download/android,15,0,en,"['actor', 'kareenakapoorkhan', 'amritaarora', 'tested', 'positive', 'covid', 'bmc', 'ordered', 'people', 'came', 'contact', 'tw…']",0.5454545454545454,0.22727272727272727,POSITIVE
59,1470354773962543111,1470354773962543111,japan lost people suicide covid,Twitter Web App,https://mobile.twitter.com,0,0,en,"['japan', 'lost', 'people', 'suicide', 'covid']",0.0,0.0,ZERO
60,1470354766148640770,1470354766148640770,oliver cromwell’s speech parliament april rings alarm bells torycorruption torysleaze t…,Twitter for Android,http://twitter.com/download/android,97,0,en,"['oliver', 'cromwell’s', 'speech', 'parliament', 'april', 'ring', 'alarm', 'bell', 'torycorruption', 'torysleaze', 't…']",0.0,0.0,ZERO
61,1470354760750403590,1470354760750403590,extraordinary judging comments seen “extreme” view extreme “every e…,Twitter for iPhone,http://twitter.com/download/iphone,29,0,en,"['extraordinary', 'judging', 'comment', 'seen', '“extreme”', 'view', 'extreme', '“every', 'e…']",1.0,0.027777777777777773,POSITIVE
62,1470354760301948930,1470354760301948930,days nicaragua sever ties taiwan china donated million doses sinopharm covid vaccines to…,Twitter for iPhone,http://twitter.com/download/iphone,25,0,en,"['day', 'nicaragua', 'sever', 'tie', 'taiwan', 'china', 'donated', 'million', 'dos', 'sinopharm', 'covid', 'vaccine', 'to…']",0.0,0.0,ZERO
63,1470354756455452673,1470354756455452673,breaking actors kareena kapoor khan amp amrita arora tested positive covid violated covid norms…,Twitter for Android,http://twitter.com/download/android,3,0,en,"['breaking', 'actor', 'kareena', 'kapoor', 'khan', 'amp', 'amrita', 'arora', 'tested', 'positive', 'covid', 'violated', 'covid', 'norms…']",0.5454545454545454,0.22727272727272727,POSITIVE
64,1470354755369279491,1470354755369279491,i’m glad managed get op assume aware mortality odds post op catch covid pre era vaccination that’s nurses sanitising everythingto protect wife best could,Twitter for iPhone,http://twitter.com/download/iphone,0,0,en,"['i’m', 'glad', 'managed', 'get', 'op', 'assume', 'aware', 'mortality', 'odds', 'post', 'op', 'catch', 'covid', 'pre', 'era', 'vaccination', 'that’s', 'nurse', 'sanitising', 'everythingto', 'protect', 'wife', 'best', 'could']",0.5166666666666667,0.5833333333333334,POSITIVE
65,1470354749300133894,1470354749300133894,americans died covid joebiden three long conversations talked chin…,Twitter for iPad,http://twitter.com/#!/download/ipad,370,0,en,"['american', 'died', 'covid', 'joebiden', 'three', 'long', 'conversation', 'talked', 'chin…']",0.4,-0.05,NEGATIVE
66,1470354742090084352,1470354742090084352,untrue theyve learned get away public learned nothing covid omnicron nhswebsite lockdown,Twitter for Android,http://twitter.com/download/android,0,0,en,"['untrue', 'theyve', 'learned', 'get', 'away', 'public', 'learned', 'nothing', 'covid', 'omnicron', 'nhswebsite', 'lockdown']",0.06666666666666667,0.0,ZERO
67,1470354741385252866,1470354741385252866,malaysia mon dec covid update live update cases cities amp areas …,Twitter for Android,http://twitter.com/download/android,32,0,en,"['malaysia', 'mon', 'dec', 'covid', 'update', 'live', 'update', 'case', 'city', 'amp', 'area', '…']",0.5,0.13636363636363635,POSITIVE
68,1470354737530867725,1470354737530867725,emergency vaccination blitz wednesday pm zwartkops drive thru r road centurion open pm pfizer amp jj…,Twitter for Android,http://twitter.com/download/android,3,0,en,"['emergency', 'vaccination', 'blitz', 'wednesday', 'pm', 'zwartkops', 'drive', 'thru', 'r', 'road', 'centurion', 'open', 'pm', 'pfizer', 'amp', 'jj…']",0.5,0.0,ZERO
69,1470354733902622720,1470354733902622720,southafrica confirmed new cases covid past hours,Twitter Web App,https://mobile.twitter.com,0,0,en,"['southafrica', 'confirmed', 'new', 'case', 'covid', 'past', 'hour']",0.5681818181818182,0.09545454545454546,POSITIVE
70,1470354733575589889,1470354733575589889,home covid testing kits run comes less hours announcement daily testing would become…,Twitter for iPhone,http://twitter.com/download/iphone,3,0,en,"['home', 'covid', 'testing', 'kit', 'run', 'come', 'le', 'hour', 'announcement', 'daily', 'testing', 'would', 'become…']",0.03333333333333333,-0.08333333333333333,NEGATIVE
71,1470354729188401158,1470354729188401158,help slow spread covid identify risk cases sooner selfreporting symptoms daily even feel well download app,Twitter for iPad,http://twitter.com/#!/download/ipad,0,0,en,"['help', 'slow', 'spread', 'covid', 'identify', 'risk', 'case', 'sooner', 'selfreporting', 'symptom', 'daily', 'even', 'feel', 'well', 'download', 'app']",0.19999999999999998,-0.15000000000000002,NEGATIVE
72,1470354728043249666,1470354728043249666,abcnews talking two days southerners crossing queensland border abc giving us more…,Twitter for Android,http://twitter.com/download/android,28,0,en,"['abcnews', 'talking', 'two', 'day', 'southerner', 'crossing', 'queensland', 'border', 'abc', 'giving', 'u', 'more…']",0.0,0.0,ZERO
73,1470354724171882501,1470354724171882501,kerala high couon monday questioned petitioner objection prime minister narendra modis photograph be…,Twitter for Android,http://twitter.com/download/android,8,0,en,"['kerala', 'high', 'couon', 'monday', 'questioned', 'petitioner', 'objection', 'prime', 'minister', 'narendra', 'modis', 'photograph', 'be…']",0.5399999999999999,0.16,POSITIVE
74,1470354724029452295,1470354724029452295,mminatau dont worry figure get way madness something like heard theres ko mabopane station issuing covid results nonsense ka rklipa nonsonso ka nonsonso,Twitter for Android,http://twitter.com/download/android,0,0,en,"['mminatau', 'dont', 'worry', 'figure', 'get', 'way', 'madness', 'something', 'like', 'heard', 'there', 'ko', 'mabopane', 'station', 'issuing', 'covid', 'result', 'nonsense', 'ka', 'rklipa', 'nonsonso', 'ka', 'nonsonso']",0.0,0.0,ZERO
75,1470354711165521923,1470354711165521923,oliver cromwell’s speech parliament april rings alarm bells torycorruption torysleaze t…,Twitter for iPad,http://twitter.com/#!/download/ipad,97,0,en,"['oliver', 'cromwell’s', 'speech', 'parliament', 'april', 'ring', 'alarm', 'bell', 'torycorruption', 'torysleaze', 't…']",0.0,0.0,ZERO
76,1470354709861093376,1470354709861093376,ridiculous party pharmaceutical broadcast last night borisjohnson covid cross lord kitchener…,Twitter for iPhone,http://twitter.com/download/iphone,299,0,en,"['ridiculous', 'party', 'pharmaceutical', 'broadcast', 'last', 'night', 'borisjohnson', 'covid', 'cross', 'lord', 'kitchener…']",0.35555555555555557,-0.1111111111111111,NEGATIVE
77,1470354704563535873,1470354704563535873,singer ap dhillons conceacted super spreader bmc examines covid norms flouted kareena amp amrita …,Twitter for Android,http://twitter.com/download/android,6,0,en,"['singer', 'ap', 'dhillons', 'conceacted', 'super', 'spreader', 'bmc', 'examines', 'covid', 'norm', 'flouted', 'kareena', 'amp', 'amrita', '…']",0.6666666666666666,0.3333333333333333,POSITIVE
78,1470354702319636490,1470354702319636490,covid vaccination launch today vaccinated,Twitter Web App,https://mobile.twitter.com,7,0,en,"['covid', 'vaccination', 'launch', 'today', 'vaccinated']",0.0,0.0,ZERO
79,1470354701359013889,1470354701359013889,actors kareena kapoor khan amp amrita arora tested positive covid violated covid norms amp attended sever…,Twitter for Android,http://twitter.com/download/android,2,0,en,"['actor', 'kareena', 'kapoor', 'khan', 'amp', 'amrita', 'arora', 'tested', 'positive', 'covid', 'violated', 'covid', 'norm', 'amp', 'attended', 'sever…']",0.5454545454545454,0.22727272727272727,POSITIVE
80,1470354699886886912,1470354699886886912,covid norms flouted singer ap dhillons concewhich attended several celebrities shares more…,Twitter Web App,https://mobile.twitter.com,6,0,en,"['covid', 'norm', 'flouted', 'singer', 'ap', 'dhillons', 'concewhich', 'attended', 'several', 'celebrity', 'share', 'more…']",0.0,0.0,ZERO
81,1470354696409866246,1470354696409866246,clever visual different levels covid protection possibly remember face coverings mandatory …,Twitter for Android,http://twitter.com/download/android,2,0,en,"['clever', 'visual', 'different', 'level', 'covid', 'protection', 'possibly', 'remember', 'face', 'covering', 'mandatory', '…']",0.6083333333333334,0.041666666666666664,POSITIVE
82,1470354696225402882,1470354696225402882,last two weeks weve averaged kidsday ages admitted indiana hospitals covid kids the…,Twitter for Android,http://twitter.com/download/android,17,0,en,"['last', 'two', 'week', 'weve', 'averaged', 'kidsday', 'age', 'admitted', 'indiana', 'hospital', 'covid', 'kid', 'the…']",0.06666666666666667,0.0,ZERO
83,1470354687249420288,1470354687249420288,singer ap dhillons conceacted super spreader bmc examines covid norms flouted kareena amp amrita …,Twitter Web App,https://mobile.twitter.com,6,0,en,"['singer', 'ap', 'dhillons', 'conceacted', 'super', 'spreader', 'bmc', 'examines', 'covid', 'norm', 'flouted', 'kareena', 'amp', 'amrita', '…']",0.6666666666666666,0.3333333333333333,POSITIVE
84,1470354686649712643,1470354686649712643,today’s meeting commissioners covid discussed • epidemiological situation eu • update travel measure…,Twitter for iPhone,http://twitter.com/download/iphone,52,0,en,"['today’s', 'meeting', 'commissioner', 'covid', 'discussed', '•', 'epidemiological', 'situation', 'eu', '•', 'update', 'travel', 'measure…']",0.0,0.0,ZERO
85,1470354686502866945,1470354686502866945,thrown westernaustralia amp markmcgowan great hear someone afternoonbriefin…,Twitter for iPad,http://twitter.com/#!/download/ipad,107,0,en,"['thrown', 'westernaustralia', 'amp', 'markmcgowan', 'great', 'hear', 'someone', 'afternoonbriefin…']",0.75,0.8,POSITIVE
86,1470354685890498562,1470354685890498562,unequal distribution covid vaccines past year global moral failure must learn th…,Twitter for Android,http://twitter.com/download/android,445,0,en,"['unequal', 'distribution', 'covid', 'vaccine', 'past', 'year', 'global', 'moral', 'failure', 'must', 'learn', 'th…']",0.2,-0.14166666666666666,NEGATIVE
87,1470354684493713408,1470354684493713408,ggoswami atagi published advise vaccinating yearolds covid detailed public…,Twitter for iPhone,http://twitter.com/download/iphone,4,0,en,"['ggoswami', 'atagi', 'published', 'advise', 'vaccinating', 'yearolds', 'covid', 'detailed', 'public…']",0.75,0.4,POSITIVE
88,1470354684355526665,1470354684355526665,consultant oncologist darren cancer backlog resulted nhs overwhelmed covid…,Twitter for Android,http://twitter.com/download/android,52,0,en,"['consultant', 'oncologist', 'darren', 'cancer', 'backlog', 'resulted', 'nh', 'overwhelmed', 'covid…']",0.0,0.0,ZERO
89,1470354682665127938,1470354682665127938,genevavienna pandemic pushed million people poverty geneva vienna pandemic coronavirus covid coronaviruspandemic omicron omicronvariant,Twitter Web App,https://mobile.twitter.com,0,0,en,"['genevavienna', 'pandemic', 'pushed', 'million', 'people', 'poverty', 'geneva', 'vienna', 'pandemic', 'coronavirus', 'covid', 'coronaviruspandemic', 'omicron', 'omicronvariant']",0.0,0.0,ZERO
90,1470354676331606019,1470354676331606019,malaysia mon dec covid update live update cases cities amp areas …,Twitter for iPad,http://twitter.com/#!/download/ipad,32,0,en,"['malaysia', 'mon', 'dec', 'covid', 'update', 'live', 'update', 'case', 'city', 'amp', 'area', '…']",0.5,0.13636363636363635,POSITIVE
91,1470354664298217475,1470354664298217475,students aktu intensified virtual campaign online exams soon cm sunday tweet s…,Twitter for Android,http://twitter.com/download/android,678,0,en,"['student', 'aktu', 'intensified', 'virtual', 'campaign', 'online', 'exam', 'soon', 'cm', 'sunday', 'tweet', 's…']",0.0,0.0,ZERO
92,1470354660896686085,1470354660896686085,government panicked country panicking run lateral flow tests nhs booster website overwhelm…,Twitter for iPhone,http://twitter.com/download/iphone,10,0,en,"['government', 'panicked', 'country', 'panicking', 'run', 'lateral', 'flow', 'test', 'nh', 'booster', 'website', 'overwhelm…']",0.0,0.0,ZERO
93,1470354651664904193,1470354651664904193,kareenakapoorkhan khan kareena amrita arora test covid positive kareena kapoor amrita arora close friends often party together recently two friends seen hanging karisma kapoor malaika arora mumbai covid violated covid norms,Twitter for Android,http://twitter.com/download/android,0,0,en,"['kareenakapoorkhan', 'khan', 'kareena', 'amrita', 'arora', 'test', 'covid', 'positive', 'kareena', 'kapoor', 'amrita', 'arora', 'close', 'friend', 'often', 'party', 'together', 'recently', 'two', 'friend', 'seen', 'hanging', 'karisma', 'kapoor', 'malaika', 'arora', 'mumbai', 'covid', 'violated', 'covid', 'norm']",0.3977272727272727,0.11363636363636363,POSITIVE
94,1470354651149062145,1470354651149062145,kareena amrita accused violating covid norms attended children party recently brings details…,Twitter Web App,https://mobile.twitter.com,3,0,en,"['kareena', 'amrita', 'accused', 'violating', 'covid', 'norm', 'attended', 'child', 'party', 'recently', 'brings', 'details…']",0.25,0.0,ZERO
95,1470354649785974788,1470354649785974788,covid home testing kits run government’s website remember get pinged supposed do…,Twitter for iPhone,http://twitter.com/download/iphone,1,0,en,"['covid', 'home', 'testing', 'kit', 'run', 'government’s', 'website', 'remember', 'get', 'pinged', 'supposed', 'do…']",0.0,0.0,ZERO
96,1470354635672068103,1470354635672068103,odisha appreciation admin setting bed portable hospital unit mkcg hospi…,Twitter for Android,http://twitter.com/download/android,37,0,en,"['odisha', 'appreciation', 'admin', 'setting', 'bed', 'portable', 'hospital', 'unit', 'mkcg', 'hospi…']",0.0,0.0,ZERO
97,1470354632895459329,1470354632895459329,actress kareena kapoor khan amp amrita arora test positive covid bmc orders contacts two get tested …,Twitter Web App,https://mobile.twitter.com,8,0,en,"['actress', 'kareena', 'kapoor', 'khan', 'amp', 'amrita', 'arora', 'test', 'positive', 'covid', 'bmc', 'order', 'contact', 'two', 'get', 'tested', '…']",0.5454545454545454,0.22727272727272727,POSITIVE
98,1470354621772169217,1470354621772169217,malaysia mon dec covid update live update cases cities amp areas …,Twitter for Android,http://twitter.com/download/android,32,0,en,"['malaysia', 'mon', 'dec', 'covid', 'update', 'live', 'update', 'case', 'city', 'amp', 'area', '…']",0.5,0.13636363636363635,POSITIVE
99,1470354620769730562,1470354620769730562,maulanasaad tablighijamaat muslim country put strict…,Twitter for Android,http://twitter.com/download/android,64,0,en,"['maulanasaad', 'tablighijamaat', 'muslim', 'country', 'put', 'strict…']",0.0,0.0,ZERO
